{"cameraMode":{"drawMode":0,"name":"Shaded","section":"Shading Mode"},"sceneLighting":true,"audioPlay":false,"sceneViewState":{"m_AlwaysRefresh":false,"showFog":true,"showSkybox":true,"showFlares":true,"showImageEffects":true,"showParticleSystems":true,"showVisualEffectGraphs":true,"m_FxEnabled":true},"in2DMode":false,"pivot":{"x":-3.530599594116211,"y":5.194756031036377,"z":1.7563843727111817},"rotation":{"x":-0.04001699388027191,"y":0.9597022533416748,"z":-0.20787861943244935,"w":-0.18476958572864533},"size":30.563858032226564,"orthographic":false}