{"cameraMode":{"drawMode":0,"name":"Shaded","section":"Shading Mode"},"sceneLighting":true,"audioPlay":false,"sceneViewState":{"m_AlwaysRefresh":false,"showFog":true,"showSkybox":true,"showFlares":true,"showImageEffects":true,"showParticleSystems":true,"showVisualEffectGraphs":true,"m_FxEnabled":true},"in2DMode":false,"pivot":{"x":11.538925170898438,"y":-8.84427261352539,"z":36.289241790771487},"rotation":{"x":0.17361022531986237,"y":0.2137848436832428,"z":-0.03863925486803055,"w":0.9605536460876465},"size":29.061126708984376,"orthographic":false}